PRAGMA defer_foreign_keys=TRUE;
CREATE TABLE records (
  id INTEGER PRIMARY KEY AUTOINCREMENT,
  type TEXT NOT NULL CHECK(type IN ('支出', '收入')),
  category TEXT NOT NULL CHECK(category IN (
    '生活费', '交通', '饮食', '日用品', '娱乐', '学习', 
    '电子产品', '人情', '宠物', '饰品', '美妆护肤', '医疗', 
    '通讯', '服饰', '还贷',
    '工资', '投资收入', '稿费收入', '其他'
  )),
  amount REAL NOT NULL CHECK(amount >= 0 AND amount <= 999999999),
  date TEXT NOT NULL,
  remark TEXT DEFAULT '',
  created_at DATETIME DEFAULT CURRENT_TIMESTAMP,
  updated_at DATETIME DEFAULT CURRENT_TIMESTAMP
, member_id INTEGER REFERENCES members(id));
INSERT INTO "records" VALUES(1,'支出','美妆护肤',81,'2025-03-29','素心微暖 - 皓齿安植物洁牙粉护龈柔毛牙刷','2026-01-17 09:08:35','2026-01-17 09:08:35',NULL);
INSERT INTO "records" VALUES(2,'收入','其他',0.27,'2025-03-26','打开拼多多，领更多现金红包 - /','2026-01-17 09:08:35','2026-01-17 09:08:35',NULL);
INSERT INTO "records" VALUES(3,'收入','其他',0.02,'2025-03-25','打开拼多多，领更多现金红包 - /','2026-01-17 09:08:35','2026-01-17 09:08:35',NULL);
INSERT INTO "records" VALUES(4,'收入','其他',0.02,'2025-03-15','打开拼多多，领更多现金红包 - /','2026-01-17 09:08:35','2026-01-17 09:08:35',NULL);
INSERT INTO "records" VALUES(5,'支出','日用品',9.8,'2025-03-11','拼多多平台商户 - 商户单号XP1025031121500169534902003955','2026-01-17 09:08:35','2026-01-17 09:08:35',NULL);
INSERT INTO "records" VALUES(6,'支出','美妆护肤',57.6,'2025-03-08','素心微暖 - 清肝明目的金盏菊30g','2026-01-17 09:08:35','2026-01-17 09:08:35',NULL);
INSERT INTO "records" VALUES(7,'收入','其他',9,'2025-02-28','退货包运费补贴 - /','2026-01-17 09:08:35','2026-01-17 09:08:35',NULL);
INSERT INTO "records" VALUES(8,'支出','日用品',9.9,'2025-02-26','小红书 - /','2026-01-17 09:08:35','2026-01-17 09:08:35',NULL);
INSERT INTO "records" VALUES(9,'支出','日用品',23.9,'2025-02-23','小红书 - /','2026-01-17 09:08:35','2026-01-17 09:08:35',NULL);
INSERT INTO "records" VALUES(10,'支出','日用品',168.71,'2025-02-22','京东 - 京东-订单编号310612061417','2026-01-17 09:08:35','2026-01-17 09:08:35',NULL);
INSERT INTO "records" VALUES(11,'支出','日用品',148,'2025-02-20','大脚丫外贸 - 正p尾货高端薄款网纱','2026-01-17 09:08:35','2026-01-17 09:08:35',NULL);
INSERT INTO "records" VALUES(12,'支出','日用品',23.6,'2025-02-18','京东 - 京东-订单编号京东-订单编号309866380223','2026-01-17 09:08:35','2026-01-17 09:08:35',NULL);
INSERT INTO "records" VALUES(13,'支出','日用品',10.9,'2025-02-18','京东 - 京东-订单编号京东-订单编号309754566134','2026-01-17 09:08:35','2026-01-17 09:08:35',NULL);
INSERT INTO "records" VALUES(14,'支出','日用品',9.99,'2025-02-17','拼多多平台商户 - 商户单号XP1925021710500624636490004371','2026-01-17 09:08:35','2026-01-17 09:08:35',NULL);
INSERT INTO "records" VALUES(15,'支出','医疗',15,'2025-02-13','陕西省中医医院 - 挂号-陕西省中医医院','2026-01-17 09:08:35','2026-01-17 09:08:35',NULL);
INSERT INTO "records" VALUES(16,'支出','日用品',3,'2025-02-09','商户_王铁军 - 商户王铁军（商户王铁军）','2026-01-17 09:08:35','2026-01-17 09:08:35',NULL);
INSERT INTO "records" VALUES(17,'支出','交通',7.99,'2025-02-09','停简单平台商户 - 停车费用（支付）-陕U82X78','2026-01-17 09:08:35','2026-01-17 09:08:35',NULL);
INSERT INTO "records" VALUES(18,'支出','学习',79,'2025-02-07','得到商城 - 预测之书49位英雄豪杰为你剧透来自未来的好消息罗振宇时间的朋','2026-01-17 09:08:35','2026-01-17 09:08:35',NULL);
INSERT INTO "records" VALUES(19,'支出','美妆护肤',934.56,'2025-01-31','素心微暖 - 心丹精油精华素累计20颗起拍','2026-01-17 09:08:35','2026-01-17 09:08:35',NULL);
INSERT INTO "records" VALUES(20,'支出','日用品',3,'2025-01-29','商户_王铁军 - 商户王铁军（商户王铁军）','2026-01-17 09:08:35','2026-01-17 09:08:35',NULL);
INSERT INTO "records" VALUES(21,'支出','日用品',78,'2025-01-23','快团团 - 商户单号XP1725012321500435966742004764','2026-01-17 09:08:35','2026-01-17 09:08:35',NULL);
INSERT INTO "records" VALUES(22,'支出','服饰',205,'2025-01-10','唯品会 - 唯品会订单-订单编号25011065926254','2026-01-17 09:08:35','2026-01-17 09:08:35',NULL);
INSERT INTO "records" VALUES(23,'收入','其他',5.06,'2025-01-04','打开拼多多，领更多现金红包 - /','2026-01-17 09:08:35','2026-01-17 09:08:35',NULL);
INSERT INTO "records" VALUES(24,'支出','医疗',10,'2025-01-04','西安高新医院 - 门诊','2026-01-17 09:08:35','2026-01-17 09:08:35',NULL);
INSERT INTO "records" VALUES(25,'收入','工资',0.09,'2025-12-28','支付宝发红包你赚现金奖励','2026-01-17 10:06:13','2026-01-17 10:06:13',NULL);
INSERT INTO "records" VALUES(26,'收入','其他',5,'2025-12-27','Transfer','2026-01-17 10:06:13','2026-01-17 10:06:13',NULL);
INSERT INTO "records" VALUES(27,'支出','日用品',0.95,'2025-12-27','花生的小店 - 经营码交易','2026-01-17 10:06:13','2026-01-17 10:06:13',NULL);
INSERT INTO "records" VALUES(28,'支出','饮食',9.92,'2025-12-26','陕西省西安市麻辣串串 - 麻辣串串【买单】消费12.00元','2026-01-17 10:06:13','2026-01-17 10:06:13',NULL);
INSERT INTO "records" VALUES(29,'支出','交通',4.95,'2025-12-24','西安市轨道交通集团有限公司 - 地铁-鱼化寨-08:16:38-缪家寨-08:50:28','2026-01-17 10:06:13','2026-01-17 10:06:13',NULL);
INSERT INTO "records" VALUES(30,'支出','饮食',20.15,'2025-12-22','拼多多平台商户 - 商户单号XP1825122222101242504362003971','2026-01-17 10:06:13','2026-01-17 10:06:13',NULL);
INSERT INTO "records" VALUES(31,'收入','工资',0.1,'2025-12-22','支付宝发红包你赚现金奖励','2026-01-17 10:06:13','2026-01-17 10:06:13',NULL);
INSERT INTO "records" VALUES(32,'支出','日用品',3.75,'2025-12-21','西安唐久便利连锁有限公司 - 山西省太原唐久超市有限公司-消费','2026-01-17 10:06:13','2026-01-17 10:06:13',NULL);
INSERT INTO "records" VALUES(33,'支出','日用品',1,'2025-12-21','西安唐久便利连锁有限公司 - 山西省太原唐久超市有限公司-消费','2026-01-17 10:06:13','2026-01-17 10:06:13',NULL);
INSERT INTO "records" VALUES(34,'支出','饮食',25.59,'2025-12-20','拼多多平台商户 - 商户单号XP1925122011101063252634001400','2026-01-17 10:06:13','2026-01-17 10:06:13',NULL);
INSERT INTO "records" VALUES(35,'支出','饮食',20.64,'2025-12-19','拼多多平台商户 - 商户单号XP2025121911101006594348000908','2026-01-17 10:06:13','2026-01-17 10:06:13',NULL);
INSERT INTO "records" VALUES(36,'支出','日用品',1000,'2025-12-17','12 月生活费','2026-01-17 10:06:13','2026-01-17 10:06:13',NULL);
INSERT INTO "records" VALUES(37,'支出','交通',5,'2025-12-10','西安市轨道交通集团有限公司 - 地铁-鱼化寨-08:14:08-缪家寨-08:50:40','2026-01-17 10:06:13','2026-01-17 10:06:13',NULL);
INSERT INTO "records" VALUES(38,'支出','饮食',10.67,'2025-12-09','拼多多平台商户 - 商户单号XP2225120922101430633879003729','2026-01-17 10:06:13','2026-01-17 10:06:13',NULL);
INSERT INTO "records" VALUES(39,'支出','交通',3.5,'2025-12-09','西安市轨道交通集团有限公司 - 地铁-鱼化寨-08:14:06-缪家寨-08:50:27','2026-01-17 10:06:13','2026-01-17 10:06:13',NULL);
INSERT INTO "records" VALUES(40,'支出','交通',3.5,'2025-12-08','西安市轨道交通集团有限公司 - 地铁-鱼化寨-08:17:58-缪家寨-08:54:34','2026-01-17 10:06:13','2026-01-17 10:06:13',NULL);
INSERT INTO "records" VALUES(41,'支出','饮食',15.82,'2025-12-06','拼多多平台商户 - 商户单号XP1625120622101231016697000424','2026-01-17 10:06:13','2026-01-17 10:06:13',NULL);
INSERT INTO "records" VALUES(42,'支出','饮食',20.15,'2025-12-06','拼多多平台商户 - 商户单号XP1625120622101234738454001375','2026-01-17 10:06:13','2026-01-17 10:06:13',NULL);
INSERT INTO "records" VALUES(43,'支出','日用品',1,'2025-12-05','天猫元隆雅图家居专营店 - 天猫优选商品订单  备注: bid_LMALL201903220001 ','2026-01-17 10:06:13','2026-01-17 10:06:13',NULL);
INSERT INTO "records" VALUES(44,'支出','交通',3.5,'2025-12-05','西安市轨道交通集团有限公司 - 地铁-鱼化寨-08:20:37-缪家寨-08:58:50','2026-01-17 10:06:13','2026-01-17 10:06:13',NULL);
INSERT INTO "records" VALUES(45,'支出','交通',3.5,'2025-12-04','西安市轨道交通集团有限公司 - 地铁-鱼化寨-08:21:24-缪家寨-08:58:49','2026-01-17 10:06:13','2026-01-17 10:06:13',NULL);
INSERT INTO "records" VALUES(46,'支出','交通',3.5,'2025-12-03','西安市轨道交通集团有限公司 - 地铁-鱼化寨-08:16:59-缪家寨-08:50:21','2026-01-17 10:06:13','2026-01-17 10:06:13',NULL);
INSERT INTO "records" VALUES(47,'支出','交通',3.5,'2025-12-02','西安市轨道交通集团有限公司 - 地铁-鱼化寨-08:14:06-缪家寨-08:50:26','2026-01-17 10:06:13','2026-01-17 10:06:13',NULL);
INSERT INTO "records" VALUES(48,'支出','交通',3.5,'2025-12-01','西安市轨道交通集团有限公司 - 地铁-鱼化寨-08:17:07-缪家寨-08:54:33','2026-01-17 10:06:13','2026-01-17 10:06:13',NULL);
INSERT INTO "records" VALUES(49,'支出','交通',0.1,'2025-12-01','签约商户 - 地铁7折早高峰通勤卡','2026-01-17 10:06:13','2026-01-17 10:06:13',NULL);
INSERT INTO "records" VALUES(50,'支出','饮食',39.54,'2025-11-14','京东支付-OarmiLk京东自营旗舰店','2026-01-18 12:27:15','2026-01-18 12:27:15',NULL);
INSERT INTO "records" VALUES(51,'支出','饮食',6.9,'2025-12-05','美团支付-美团App正新鸡排（大寨路店）','2026-01-18 12:27:15','2026-01-18 12:27:15',NULL);
INSERT INTO "records" VALUES(52,'支出','日用品',28.08,'2025-12-06','京东支付-京东京造自营旗舰店','2026-01-18 12:27:15','2026-01-18 12:27:15',NULL);
INSERT INTO "records" VALUES(53,'支出','医疗',15,'2025-06-26','陕西省中医医院 - 000074636 李露露挂号','2026-01-18 14:11:54','2026-01-18 14:11:54',1);
INSERT INTO "records" VALUES(54,'收入','其他',0.6,'2025-06-21','打开拼多多，领更多现金红包 - /','2026-01-18 14:11:54','2026-01-18 14:11:54',1);
INSERT INTO "records" VALUES(55,'收入','其他',1,'2025-06-21','打开拼多多，领更多现金红包 - /','2026-01-18 14:11:54','2026-01-18 14:11:54',1);
INSERT INTO "records" VALUES(56,'收入','其他',0.5,'2025-06-21','打开拼多多，领更多现金红包 - /','2026-01-18 14:11:54','2026-01-18 14:11:54',1);
INSERT INTO "records" VALUES(57,'支出','美妆护肤',133.4,'2025-06-20','素心微暖 - 湖北蕲春艾条团购','2026-01-18 14:11:54','2026-01-18 14:11:54',1);
INSERT INTO "records" VALUES(58,'支出','日用品',14.45,'2025-06-13','顺丰速运 - 散单运费-顺丰速运','2026-01-18 14:11:54','2026-01-18 14:11:54',1);
INSERT INTO "records" VALUES(59,'收入','其他',0.1,'2025-06-13','打开拼多多，领更多现金红包 - /','2026-01-18 14:11:54','2026-01-18 14:11:54',1);
INSERT INTO "records" VALUES(60,'支出','日用品',3.5,'2025-06-10','屈臣氏 - 屈臣氏商品','2026-01-18 14:11:54','2026-01-18 14:11:54',1);
INSERT INTO "records" VALUES(61,'收入','其他',0.03,'2025-06-10','打开拼多多，领更多现金红包 - /','2026-01-18 14:11:54','2026-01-18 14:11:54',1);
INSERT INTO "records" VALUES(62,'收入','其他',0.01,'2025-06-08','打开拼多多，领更多现金红包 - /','2026-01-18 14:11:54','2026-01-18 14:11:54',1);
INSERT INTO "records" VALUES(63,'支出','日用品',99,'2025-06-08','京东 - 京东-PLUS会员订单316900742448','2026-01-18 14:11:54','2026-01-18 14:11:54',1);
INSERT INTO "records" VALUES(64,'收入','其他',3,'2025-06-07','打开拼多多，领更多现金红包 - /','2026-01-18 14:11:54','2026-01-18 14:11:54',1);
INSERT INTO "records" VALUES(65,'收入','其他',0.5,'2025-06-05','打开拼多多，领更多现金红包 - /','2026-01-18 14:11:54','2026-01-18 14:11:54',1);
INSERT INTO "records" VALUES(66,'收入','其他',0.5,'2025-06-05','打开拼多多，领更多现金红包 - /','2026-01-18 14:11:54','2026-01-18 14:11:54',1);
INSERT INTO "records" VALUES(67,'收入','其他',0.5,'2025-06-05','打开拼多多，领更多现金红包 - /','2026-01-18 14:11:54','2026-01-18 14:11:54',1);
INSERT INTO "records" VALUES(68,'支出','医疗',15,'2025-06-05','陕西省中医医院 - 000074636 李露露挂号','2026-01-18 14:11:54','2026-01-18 14:11:54',1);
INSERT INTO "records" VALUES(69,'收入','其他',1,'2025-05-31','打开拼多多，领更多现金红包 - /','2026-01-18 14:11:54','2026-01-18 14:11:54',1);
INSERT INTO "records" VALUES(70,'收入','其他',0.5,'2025-05-31','打开拼多多，领更多现金红包 - /','2026-01-18 14:11:54','2026-01-18 14:11:54',1);
INSERT INTO "records" VALUES(71,'支出','美妆护肤',199,'2025-05-23','素心微暖 - 荷荷芭油','2026-01-18 14:11:54','2026-01-18 14:11:54',1);
INSERT INTO "records" VALUES(72,'支出','日用品',143,'2025-05-20','快团团 - 商户单号XP2025052014500675539143006637','2026-01-18 14:11:54','2026-01-18 14:11:54',1);
INSERT INTO "records" VALUES(73,'收入','其他',1.3,'2025-05-18','打开拼多多，领更多现金红包 - /','2026-01-18 14:11:54','2026-01-18 14:11:54',1);
INSERT INTO "records" VALUES(74,'收入','其他',3,'2025-05-16','打开拼多多，领更多现金红包 - /','2026-01-18 14:11:54','2026-01-18 14:11:54',1);
INSERT INTO "records" VALUES(75,'支出','医疗',15,'2025-05-15','陕西省中医医院 - 000074636 李露露挂号','2026-01-18 14:11:54','2026-01-18 14:11:54',1);
INSERT INTO "records" VALUES(76,'收入','其他',0.63,'2025-05-10','打开拼多多，领更多现金红包 - /','2026-01-18 14:11:54','2026-01-18 14:11:54',1);
INSERT INTO "records" VALUES(77,'收入','其他',0.75,'2025-05-10','打开拼多多，领更多现金红包 - /','2026-01-18 14:11:54','2026-01-18 14:11:54',1);
INSERT INTO "records" VALUES(78,'支出','饮食',208,'2025-05-02','美团 - 团购-美团微信小程序-25050211100400001305024591725512','2026-01-18 14:11:54','2026-01-18 14:11:54',1);
INSERT INTO "records" VALUES(79,'支出','日用品',6.9,'2025-04-27','京东 - 京东-LOC订单313989605641','2026-01-18 14:11:54','2026-01-18 14:11:54',1);
INSERT INTO "records" VALUES(80,'支出','日用品',6.9,'2025-04-26','京东 - 京东-LOC订单313929650149','2026-01-18 14:11:54','2026-01-18 14:11:54',1);
INSERT INTO "records" VALUES(81,'收入','其他',0.54,'2025-04-25','打开拼多多，领更多现金红包 - /','2026-01-18 14:11:54','2026-01-18 14:11:54',1);
INSERT INTO "records" VALUES(82,'收入','其他',0.5,'2025-04-25','打开拼多多，领更多现金红包 - /','2026-01-18 14:11:54','2026-01-18 14:11:54',1);
INSERT INTO "records" VALUES(83,'收入','其他',1,'2025-04-25','打开拼多多，领更多现金红包 - /','2026-01-18 14:11:54','2026-01-18 14:11:54',1);
INSERT INTO "records" VALUES(84,'收入','其他',0.64,'2025-04-25','打开拼多多，领更多现金红包 - /','2026-01-18 14:11:54','2026-01-18 14:11:54',1);
INSERT INTO "records" VALUES(85,'支出','日用品',6.9,'2025-04-25','京东 - 京东-LOC订单312704580882','2026-01-18 14:11:54','2026-01-18 14:11:54',1);
INSERT INTO "records" VALUES(86,'支出','日用品',1.8,'2025-04-25','京东 - 京东-虚拟服务313857785795','2026-01-18 14:11:54','2026-01-18 14:11:54',1);
INSERT INTO "records" VALUES(87,'支出','日用品',19.9,'2025-04-23','小红书 - /','2026-01-18 14:11:54','2026-01-18 14:11:54',1);
INSERT INTO "records" VALUES(88,'收入','其他',0.5,'2025-04-23','打开拼多多，领更多现金红包 - /','2026-01-18 14:11:54','2026-01-18 14:11:54',1);
INSERT INTO "records" VALUES(89,'支出','医疗',15,'2025-04-22','陕西省中医医院 - 挂号-陕西省中医医院','2026-01-18 14:11:54','2026-01-18 14:11:54',1);
INSERT INTO "records" VALUES(90,'支出','服饰',79,'2025-04-21','广州唯品会电子商务有限公司 - 唯品会-自动续费超级VIP会员','2026-01-18 14:11:54','2026-01-18 14:11:54',1);
INSERT INTO "records" VALUES(91,'支出','医疗',10,'2025-04-21','交大一附院智慧好医院 - 【云医院】就诊卡充值','2026-01-18 14:11:54','2026-01-18 14:11:54',1);
INSERT INTO "records" VALUES(92,'支出','医疗',15,'2025-04-15','交大一附院智慧好医院 - 【云医院】就诊卡充值','2026-01-18 14:11:54','2026-01-18 14:11:54',1);
INSERT INTO "records" VALUES(93,'支出','美妆护肤',0.01,'2025-04-14','素心微暖 - 2025年铁杆二季度福利发放链接','2026-01-18 14:11:54','2026-01-18 14:11:54',1);
INSERT INTO "records" VALUES(94,'支出','美妆护肤',208.1,'2025-04-12','素心微暖 - 荷荷芭油','2026-01-18 14:11:54','2026-01-18 14:11:54',1);
INSERT INTO "records" VALUES(95,'支出','医疗',15,'2025-04-08','西京医院 - 预约挂号','2026-01-18 14:11:54','2026-01-18 14:11:54',1);
INSERT INTO "records" VALUES(96,'支出','医疗',10,'2025-04-07','西安高新医院 - 门诊','2026-01-18 14:11:54','2026-01-18 14:11:54',1);
INSERT INTO "records" VALUES(97,'支出','医疗',30,'2025-04-07','西安高新医院 - 门诊','2026-01-18 14:11:54','2026-01-18 14:11:54',1);
INSERT INTO "records" VALUES(98,'支出','医疗',10,'2025-04-06','西安高新医院 - 门诊','2026-01-18 14:11:54','2026-01-18 14:11:54',1);
INSERT INTO "records" VALUES(99,'支出','日用品',14,'2026-01-18','擀面皮肉夹馍 - 收钱码收款','2026-01-18 14:15:57','2026-01-18 14:15:57',2);
INSERT INTO "records" VALUES(100,'支出','娱乐',1399,'2026-01-18','z***2 - i5 11400f主机 gtx1050ti高配电脑 游戏主机','2026-01-18 14:15:57','2026-01-18 14:15:57',2);
INSERT INTO "records" VALUES(101,'支出','饮食',40,'2026-01-18','古觉兰州面片（群贤路店） - 美团收银909700208612329343','2026-01-18 14:15:57','2026-01-18 14:15:57',2);
INSERT INTO "records" VALUES(102,'支出','日用品',29.5,'2026-01-16','赵记羊杂 - 赵记羊杂（鸿基新城店）','2026-01-18 14:15:57','2026-01-18 14:15:57',2);
INSERT INTO "records" VALUES(103,'支出','日用品',7,'2026-01-15','擀面皮肉夹馍 - 收钱码收款','2026-01-18 14:15:57','2026-01-18 14:15:57',2);
INSERT INTO "records" VALUES(104,'支出','饮食',13.31,'2026-01-15','陕西省西安市麻辣串串 - 麻辣串串【买单】消费15.00元','2026-01-18 14:15:57','2026-01-18 14:15:57',2);
INSERT INTO "records" VALUES(105,'支出','日用品',10,'2026-01-14','陕西油泼面 - 陕西油泼面【买单】消费10.00元','2026-01-18 14:15:57','2026-01-18 14:15:57',2);
INSERT INTO "records" VALUES(106,'收入','其他',11.11,'2026-01-13','用户(122522665)，提现金额：11.11','2026-01-18 14:15:57','2026-01-18 14:15:57',2);
INSERT INTO "records" VALUES(107,'支出','日用品',7,'2026-01-12','陕西油泼面 - 陕西油泼面【买单】消费7.00元','2026-01-18 14:15:57','2026-01-18 14:15:57',2);
INSERT INTO "records" VALUES(108,'支出','饮食',14,'2026-01-12','陕西省西安市麻辣串串 - 麻辣串串【买单】消费14.00元','2026-01-18 14:15:57','2026-01-18 14:15:57',2);
INSERT INTO "records" VALUES(109,'支出','日用品',14,'2026-01-11','锦福包子（团结南路店） - 智能版前台码收款','2026-01-18 14:15:57','2026-01-18 14:15:57',2);
INSERT INTO "records" VALUES(110,'支出','饮食',44,'2026-01-11','锦福包子（团结南路店） - 美团收银909700208384586179','2026-01-18 14:15:57','2026-01-18 14:15:57',2);
INSERT INTO "records" VALUES(111,'支出','饮食',26.7,'2026-01-11','拼多多平台商户 - 商户单号XP2226011113101605105958003265 复制该单号','2026-01-18 14:15:57','2026-01-18 14:15:57',2);
INSERT INTO "records" VALUES(112,'支出','饮食',16,'2026-01-10','陕西省西安市麻辣串串 - 麻辣串串【买单】消费16.00元','2026-01-18 14:15:57','2026-01-18 14:15:57',2);
INSERT INTO "records" VALUES(113,'支出','饮食',17.5,'2026-01-09','陕西省西安市麻辣串串 - 麻辣串串【买单】消费18.00元','2026-01-18 14:15:57','2026-01-18 14:15:57',2);
INSERT INTO "records" VALUES(114,'支出','交通',38.39,'2026-01-09','晓涵车服 - 高德优惠加油订单','2026-01-18 14:15:57','2026-01-18 14:15:57',2);
INSERT INTO "records" VALUES(115,'支出','日用品',13,'2026-01-07','西安市航天基地金香手工菠菜面馆 - 西安市航天基地金香手工菠菜面馆','2026-01-18 14:15:57','2026-01-18 14:15:57',2);
INSERT INTO "records" VALUES(116,'支出','交通',7.3,'2026-01-07','滴滴出行 - 滴滴快车打车-邱师傅-01月07日行程','2026-01-18 14:15:57','2026-01-18 14:15:57',2);
INSERT INTO "records" VALUES(117,'支出','饮食',73,'2026-01-07','拼多多平台商户 - 商户单号XP1226010717100449262960003561 复制该单号','2026-01-18 14:15:57','2026-01-18 14:15:57',2);
INSERT INTO "records" VALUES(118,'支出','日用品',22.13,'2026-01-07','中国人民健康保险股份有限公司 - 2026.1月保费缴清-好医保·长期医疗-*欢','2026-01-18 14:15:57','2026-01-18 14:15:57',2);
INSERT INTO "records" VALUES(119,'支出','饮食',14,'2026-01-05','铁旦刀削面馆 - 美团收银909700208199042909','2026-01-18 14:15:57','2026-01-18 14:15:57',2);
INSERT INTO "records" VALUES(120,'支出','饮食',43.8,'2026-01-05','拼多多平台商户 - 商户单号XP1726010508101146644683000908','2026-01-18 14:15:57','2026-01-18 14:15:57',2);
INSERT INTO "records" VALUES(121,'支出','日用品',14,'2026-01-04','常记食府 - 常记食府西安大寨路店','2026-01-18 14:15:57','2026-01-18 14:15:57',2);
INSERT INTO "records" VALUES(122,'支出','宠物',33.25,'2026-01-04','众安在线财产保险股份有限公司 - 2026.1月保费缴清-宠物医疗险-*欢','2026-01-18 14:15:57','2026-01-18 14:15:57',2);
INSERT INTO "records" VALUES(123,'支出','日用品',222,'2026-01-03','海底捞火锅（晶鑫广场店） - 海底捞西安二十店','2026-01-18 14:15:57','2026-01-18 14:15:57',2);
INSERT INTO "records" VALUES(124,'支出','日用品',10,'2026-01-03','中国人民人寿保险股份有限公司 - 保险承保-全民保·终身养老金定投计划扣款','2026-01-18 14:15:57','2026-01-18 14:15:57',2);
INSERT INTO "records" VALUES(125,'支出','日用品',15.3,'2026-01-02','西安唐久便利连锁有限公司 - 山西省太原唐久超市有限公司-消费','2026-01-18 14:15:57','2026-01-18 14:15:57',2);
INSERT INTO "records" VALUES(126,'支出','日用品',8.86,'2026-01-02','京小盒生活超市 - 京小盒生活超市','2026-01-18 14:15:57','2026-01-18 14:15:57',2);
INSERT INTO "records" VALUES(127,'支出','日用品',41.29,'2026-01-02','采栗郎炒货现炒 - 采栗郎（中航华府店）订单','2026-01-18 14:15:57','2026-01-18 14:15:57',2);
INSERT INTO "records" VALUES(128,'支出','日用品',73.1,'2025-12-30','中国人民健康保险股份有限公司 - 2025.12月保费缴清-好医保·长期医疗-*锋','2026-01-18 14:15:57','2026-01-18 14:15:57',2);
INSERT INTO "records" VALUES(129,'支出','日用品',73.1,'2025-12-30','中国人民健康保险股份有限公司 - 2025.12月保费缴清-好医保·长期医疗-**利','2026-01-18 14:15:57','2026-01-18 14:15:57',2);
INSERT INTO "records" VALUES(130,'支出','饮食',10.19,'2025-12-28','淘宝闪购 - 史玉林凉皮(叁伍壹壹店)外卖订单','2026-01-18 14:15:57','2026-01-18 14:15:57',2);
INSERT INTO "records" VALUES(131,'支出','日用品',1,'2025-12-28','淘特**店 - 支付宝会员手帕纸10包','2026-01-18 14:15:57','2026-01-18 14:15:57',2);
INSERT INTO "records" VALUES(132,'支出','日用品',239,'2025-12-28','中国人民健康保险股份有限公司 - 健康福·重疾1号(大病版)-*锋','2026-01-18 14:15:57','2026-01-18 14:15:57',2);
INSERT INTO "records" VALUES(133,'支出','日用品',0.4,'2025-12-28','蜜雪冰城 - 【蜜雪冰城】6元爆品券（11选1）','2026-01-18 14:15:57','2026-01-18 14:15:57',2);
INSERT INTO "records" VALUES(134,'支出','日用品',0.01,'2025-12-27','支付宝支付科技有限公司 - 经营码信用卡收钱服务费[202512272200141068141704','2026-01-18 14:15:57','2026-01-18 14:15:57',2);
INSERT INTO "records" VALUES(135,'支出','日用品',5,'2025-12-27','Transfer','2026-01-18 14:15:57','2026-01-18 14:15:57',2);
INSERT INTO "records" VALUES(136,'收入','其他',3,'2025-12-27','**露 - 经营码交易','2026-01-18 14:15:57','2026-01-18 14:15:57',2);
INSERT INTO "records" VALUES(137,'支出','日用品',2.32,'2025-12-26','西安唐久便利连锁有限公司 - 山西省太原唐久超市有限公司-消费','2026-01-18 14:15:57','2026-01-18 14:15:57',2);
INSERT INTO "records" VALUES(138,'支出','日用品',1.98,'2025-12-26','西安唐久便利连锁有限公司 - 山西省太原唐久超市有限公司-消费','2026-01-18 14:15:57','2026-01-18 14:15:57',2);
INSERT INTO "records" VALUES(139,'支出','日用品',1.28,'2025-12-26','西安唐久便利连锁有限公司 - 山西省太原唐久超市有限公司-消费','2026-01-18 14:15:57','2026-01-18 14:15:57',2);
INSERT INTO "records" VALUES(140,'支出','日用品',1.28,'2025-12-26','西安唐久便利连锁有限公司 - 山西省太原唐久超市有限公司-消费','2026-01-18 14:15:57','2026-01-18 14:15:57',2);
INSERT INTO "records" VALUES(141,'支出','日用品',0.98,'2025-12-26','西安唐久便利连锁有限公司 - 山西省太原唐久超市有限公司-消费','2026-01-18 14:15:57','2026-01-18 14:15:57',2);
INSERT INTO "records" VALUES(142,'支出','日用品',0.68,'2025-12-26','西安唐久便利连锁有限公司 - 山西省太原唐久超市有限公司-消费','2026-01-18 14:15:57','2026-01-18 14:15:57',2);
INSERT INTO "records" VALUES(143,'支出','日用品',1,'2025-12-26','西安唐久便利连锁有限公司 - 山西省太原唐久超市有限公司-消费','2026-01-18 14:15:57','2026-01-18 14:15:57',2);
INSERT INTO "records" VALUES(144,'支出','日用品',13.99,'2025-12-26','常记食府 - 常记食府西安大寨路店','2026-01-18 14:15:57','2026-01-18 14:15:57',2);
INSERT INTO "records" VALUES(145,'支出','日用品',3,'2025-12-26','小泽的店 - 收钱码收款','2026-01-18 14:15:57','2026-01-18 14:15:57',2);
INSERT INTO "records" VALUES(146,'收入','工资',1,'2025-12-26','支付宝发红包你赚现金奖励','2026-01-18 14:15:57','2026-01-18 14:15:57',2);
INSERT INTO "records" VALUES(147,'收入','其他',3,'2025-12-26','*泽 - 收钱码收款','2026-01-18 14:15:57','2026-01-18 14:15:57',2);
INSERT INTO "records" VALUES(148,'支出','饮食',24.41,'2025-12-26','拼多多平台商户 - 商户单号XP2525122608101456456821002823','2026-01-18 14:15:57','2026-01-18 14:15:57',2);
INSERT INTO "records" VALUES(149,'支出','日用品',14.72,'2025-12-25','逗零嘴陕西032店-雁塔区中航华府店 - 逗零嘴-逗零嘴陕西032店-西安市大寨路中航华府店','2026-01-18 14:15:57','2026-01-18 14:15:57',2);
INSERT INTO "records" VALUES(150,'支出','日用品',15,'2025-12-25','常记食府 - 常记食府西安大寨路店','2026-01-18 14:15:57','2026-01-18 14:15:57',2);
INSERT INTO "records" VALUES(151,'支出','日用品',26.4,'2025-12-24','赵记羊杂 - 赵记羊杂（鸿基新城店）','2026-01-18 14:15:57','2026-01-18 14:15:57',2);
INSERT INTO "records" VALUES(152,'支出','通讯',10,'2025-12-24','中国移动 - 为187****5063话费充值','2026-01-18 14:15:57','2026-01-18 14:15:57',2);
INSERT INTO "records" VALUES(153,'支出','通讯',10,'2025-12-24','中国移动 - 为157****1917话费充值','2026-01-18 14:15:57','2026-01-18 14:15:57',2);
INSERT INTO "records" VALUES(154,'支出','通讯',20,'2025-12-23','中国移动 - 为187****5063话费充值','2026-01-18 14:15:57','2026-01-18 14:15:57',2);
INSERT INTO "records" VALUES(155,'支出','饮食',26.79,'2025-12-22','陕西省西安市麻辣串串 - 麻辣串串【买单】消费27.00元','2026-01-18 14:15:57','2026-01-18 14:15:57',2);
INSERT INTO "records" VALUES(156,'收入','其他',8.4,'2025-12-22','支付宝转账小额打款-关联订单号：3138555325419364384','2026-01-18 14:15:57','2026-01-18 14:15:57',2);
INSERT INTO "records" VALUES(157,'支出','日用品',85,'2025-12-22','tb**8 - cursor pro独享订阅cursor4 pro官方独享充值账号pro代充clau','2026-01-18 14:15:57','2026-01-18 14:15:57',2);
INSERT INTO "records" VALUES(158,'收入','工资',0.1,'2025-12-21','支付宝发红包你赚现金奖励','2026-01-18 14:15:57','2026-01-18 14:15:57',2);
INSERT INTO "records" VALUES(159,'支出','日用品',10.5,'2025-12-21','陕西奥特乐商业管理有限公司 - 25122111281160190000','2026-01-18 14:15:57','2026-01-18 14:15:57',2);
INSERT INTO "records" VALUES(160,'支出','饮食',39.6,'2025-12-21','云阿蛮生烫牛肉米线西咸吾悦广场店 - 美团收银909700207650043998','2026-01-18 14:15:57','2026-01-18 14:15:57',2);
INSERT INTO "records" VALUES(161,'收入','其他',1.69,'2025-12-20','****0 - 【24H秒发】动物小说 - 沈石溪&middot;品藏书系（升级版）套装36册','2026-01-18 14:15:57','2026-01-18 14:15:57',2);
INSERT INTO "records" VALUES(162,'支出','日用品',30.48,'2025-12-20','西安刚飞肉类供应链有限公司 - 双汇鲜肉中航华府店ALIPAY实际支付31.1元','2026-01-18 14:15:57','2026-01-18 14:15:57',2);
INSERT INTO "records" VALUES(163,'支出','饮食',13,'2025-12-18','陕西省西安市麻辣串串 - 麻辣串串【买单】消费13.00元','2026-01-18 14:15:57','2026-01-18 14:15:57',2);
INSERT INTO "records" VALUES(164,'支出','饮食',14.79,'2025-12-18','陕西省西安市麻辣串串 - 麻辣串串【买单】消费15.00元','2026-01-18 14:15:57','2026-01-18 14:15:57',2);
INSERT INTO "records" VALUES(165,'支出','饮食',3.5,'2025-12-18','淘宝闪购 - 库迪咖啡(航天城巴瑞尔科技大厦店)外卖订单','2026-01-18 14:15:57','2026-01-18 14:15:57',2);
CREATE TABLE members (
  id INTEGER PRIMARY KEY AUTOINCREMENT,
  name TEXT NOT NULL UNIQUE,
  wechat_nickname TEXT DEFAULT '',
  color TEXT DEFAULT '#3b82f6',
  is_active INTEGER DEFAULT 1,
  created_at DATETIME DEFAULT CURRENT_TIMESTAMP,
  updated_at DATETIME DEFAULT CURRENT_TIMESTAMP
);
INSERT INTO "members" VALUES(1,'李露露','栀地','#f59e0b',1,'2026-01-18 14:11:11','2026-01-18 14:11:11');
INSERT INTO "members" VALUES(2,'张欢','peanut','#06b6d4',1,'2026-01-18 14:11:25','2026-01-18 14:11:25');
CREATE TABLE users (
  id INTEGER PRIMARY KEY AUTOINCREMENT,
  username TEXT NOT NULL UNIQUE,
  password_hash TEXT NOT NULL,           
  created_at DATETIME DEFAULT CURRENT_TIMESTAMP,
  updated_at DATETIME DEFAULT CURRENT_TIMESTAMP
);
INSERT INTO "users" VALUES(1,'admin','9ede2107-849a-4415-92cc-7c8f530a28e5:3e2c798954976b9f4e67ce8da4181b87c120296c573e5066a2f70ccb18261281','2026-01-25 15:05:47','2026-01-25 15:05:47');
CREATE TABLE api_tokens (
  id INTEGER PRIMARY KEY AUTOINCREMENT,
  name TEXT NOT NULL,                     
  token TEXT NOT NULL UNIQUE,             
  last_used_at DATETIME,                  
  is_active INTEGER DEFAULT 1,            
  created_at DATETIME DEFAULT CURRENT_TIMESTAMP
);
INSERT INTO "api_tokens" VALUES(1,'李露露快捷指令','e404b3c3f89c5ff3f7a67bdb84d2d175877e3ab5eba4407aa7e1b556ad2af63b',NULL,1,'2026-01-25 15:06:39');
DELETE FROM sqlite_sequence;
INSERT INTO "sqlite_sequence" VALUES('records',165);
INSERT INTO "sqlite_sequence" VALUES('members',2);
INSERT INTO "sqlite_sequence" VALUES('users',1);
INSERT INTO "sqlite_sequence" VALUES('api_tokens',1);
CREATE INDEX idx_records_date ON records(date);
CREATE INDEX idx_records_type ON records(type);
CREATE INDEX idx_records_category ON records(category);
CREATE INDEX idx_members_is_active ON members(is_active);
CREATE INDEX idx_members_name ON members(name);
CREATE INDEX idx_records_member_id ON records(member_id);
CREATE INDEX idx_api_tokens_token ON api_tokens(token);
CREATE INDEX idx_api_tokens_is_active ON api_tokens(is_active);